<TICKER>;<PER>;<DATE>;<TIME>;<OPEN>;<HIGH>;<LOW>;<CLOSE>;<VOL>
SPFB.RTS;1;20130711;100100;126200.0000000;129500.0000000;126200.0000000;129320.0000000;42379
SPFB.RTS;1;20130711;100200;129330.0000000;129460.0000000;129240.0000000;129280.0000000;13605
SPFB.RTS;1;20130711;100300;129280.0000000;129290.0000000;129080.0000000;129140.0000000;8533
SPFB.RTS;1;20130711;100400;129130.0000000;129150.0000000;129050.0000000;129120.0000000;6047
SPFB.RTS;1;20130711;100500;129120.0000000;129230.0000000;129100.0000000;129190.0000000;5728
SPFB.RTS;1;20130711;100600;129210.0000000;129350.0000000;129200.0000000;129290.0000000;8404
SPFB.RTS;1;20130711;100700;129300.0000000;129340.0000000;129200.0000000;129220.0000000;5167
SPFB.RTS;1;20130711;100800;129210.0000000;129250.0000000;129160.0000000;129180.0000000;3306
SPFB.RTS;1;20130711;100900;129180.0000000;129200.0000000;129140.0000000;129180.0000000;2585
SPFB.RTS;1;20130711;101000;129190.0000000;129230.0000000;129160.0000000;129200.0000000;4212
SPFB.RTS;1;20130711;101100;129200.0000000;129390.0000000;129190.0000000;129290.0000000;7630
SPFB.RTS;1;20130711;101200;129290.0000000;129690.0000000;129290.0000000;129460.0000000;9977
SPFB.RTS;1;20130711;101300;129460.0000000;129600.0000000;129450.0000000;129480.0000000;8177
SPFB.RTS;1;20130711;101400;129480.0000000;129500.0000000;129350.0000000;129400.0000000;2942
SPFB.RTS;1;20130711;101500;129390.0000000;129430.0000000;129310.0000000;129310.0000000;4163
SPFB.RTS;1;20130711;101600;129330.0000000;129390.0000000;129300.0000000;129310.0000000;3364
SPFB.RTS;1;20130711;101700;129310.0000000;129330.0000000;129290.0000000;129290.0000000;1113
SPFB.RTS;1;20130711;101800;129290.0000000;129350.0000000;129290.0000000;129320.0000000;1617
SPFB.RTS;1;20130711;101900;129330.0000000;129330.0000000;129260.0000000;129290.0000000;2737
SPFB.RTS;1;20130711;102000;129290.0000000;129330.0000000;129270.0000000;129310.0000000;4272
SPFB.RTS;1;20130711;102100;129310.0000000;129420.0000000;129300.0000000;129320.0000000;10094
SPFB.RTS;1;20130711;102200;129320.0000000;129350.0000000;129270.0000000;129310.0000000;4257
SPFB.RTS;1;20130711;102300;129320.0000000;129330.0000000;129270.0000000;129280.0000000;1556
SPFB.RTS;1;20130711;102400;129280.0000000;129330.0000000;129270.0000000;129310.0000000;1504
SPFB.RTS;1;20130711;102500;129310.0000000;129360.0000000;129240.0000000;129310.0000000;5383
SPFB.RTS;1;20130711;102600;129310.0000000;129330.0000000;129220.0000000;129270.0000000;2619
SPFB.RTS;1;20130711;102700;129250.0000000;129290.0000000;129180.0000000;129260.0000000;6646
SPFB.RTS;1;20130711;102800;129270.0000000;129290.0000000;129250.0000000;129250.0000000;838
SPFB.RTS;1;20130711;102900;129250.0000000;129300.0000000;129230.0000000;129230.0000000;1609
SPFB.RTS;1;20130711;103000;129250.0000000;129300.0000000;129240.0000000;129260.0000000;2237
SPFB.RTS;1;20130711;103100;129270.0000000;129290.0000000;129250.0000000;129270.0000000;2264
SPFB.RTS;1;20130711;103200;129270.0000000;129300.0000000;129250.0000000;129270.0000000;2278
SPFB.RTS;1;20130711;103300;129280.0000000;129390.0000000;129260.0000000;129370.0000000;7391
SPFB.RTS;1;20130711;103400;129350.0000000;129530.0000000;129350.0000000;129490.0000000;9677
SPFB.RTS;1;20130711;103500;129490.0000000;129530.0000000;129450.0000000;129470.0000000;4965
SPFB.RTS;1;20130711;103600;129470.0000000;129650.0000000;129460.0000000;129560.0000000;11584
SPFB.RTS;1;20130711;103700;129560.0000000;129650.0000000;129500.0000000;129590.0000000;6499
SPFB.RTS;1;20130711;103800;129600.0000000;129610.0000000;129470.0000000;129550.0000000;3326
SPFB.RTS;1;20130711;103900;129550.0000000;129550.0000000;129450.0000000;129450.0000000;1988
SPFB.RTS;1;20130711;104000;129450.0000000;129500.0000000;129440.0000000;129450.0000000;2172
SPFB.RTS;1;20130711;104100;129450.0000000;129590.0000000;129450.0000000;129570.0000000;2845
SPFB.RTS;1;20130711;104200;129560.0000000;129610.0000000;129540.0000000;129550.0000000;4333
SPFB.RTS;1;20130711;104300;129550.0000000;129660.0000000;129520.0000000;129640.0000000;7952
SPFB.RTS;1;20130711;104400;129630.0000000;129800.0000000;129560.0000000;129770.0000000;8967
SPFB.RTS;1;20130711;104500;129770.0000000;129870.0000000;129740.0000000;129850.0000000;5825
SPFB.RTS;1;20130711;104600;129850.0000000;129880.0000000;129750.0000000;129780.0000000;4050
SPFB.RTS;1;20130711;104700;129790.0000000;129840.0000000;129720.0000000;129730.0000000;2394
SPFB.RTS;1;20130711;104800;129730.0000000;129780.0000000;129720.0000000;129730.0000000;1232
SPFB.RTS;1;20130711;104900;129730.0000000;129760.0000000;129700.0000000;129720.0000000;2143
SPFB.RTS;1;20130711;105000;129720.0000000;129740.0000000;129710.0000000;129720.0000000;390
SPFB.RTS;1;20130711;105100;129720.0000000;129740.0000000;129660.0000000;129680.0000000;2356
SPFB.RTS;1;20130711;105200;129700.0000000;129700.0000000;129610.0000000;129690.0000000;2961
SPFB.RTS;1;20130711;105300;129680.0000000;129700.0000000;129610.0000000;129640.0000000;2824
SPFB.RTS;1;20130711;105400;129660.0000000;129680.0000000;129630.0000000;129640.0000000;1187
SPFB.RTS;1;20130711;105500;129640.0000000;129670.0000000;129600.0000000;129640.0000000;2610
SPFB.RTS;1;20130711;105600;129650.0000000;129710.0000000;129630.0000000;129690.0000000;4788
SPFB.RTS;1;20130711;105700;129680.0000000;129730.0000000;129670.0000000;129710.0000000;3249
SPFB.RTS;1;20130711;105800;129700.0000000;129730.0000000;129670.0000000;129710.0000000;4214
SPFB.RTS;1;20130711;105900;129720.0000000;129740.0000000;129680.0000000;129740.0000000;1591
SPFB.RTS;1;20130711;110000;129730.0000000;129810.0000000;129720.0000000;129790.0000000;4237
SPFB.RTS;1;20130711;110100;129790.0000000;129820.0000000;129700.0000000;129750.0000000;3608
SPFB.RTS;1;20130711;110200;129760.0000000;129770.0000000;129700.0000000;129740.0000000;2651
SPFB.RTS;1;20130711;110300;129720.0000000;129750.0000000;129700.0000000;129700.0000000;1821
SPFB.RTS;1;20130711;110400;129700.0000000;129760.0000000;129630.0000000;129750.0000000;10240
SPFB.RTS;1;20130711;110500;129740.0000000;129800.0000000;129730.0000000;129750.0000000;1444
SPFB.RTS;1;20130711;110600;129740.0000000;129760.0000000;129700.0000000;129730.0000000;1572
SPFB.RTS;1;20130711;110700;129720.0000000;129760.0000000;129700.0000000;129730.0000000;2215
SPFB.RTS;1;20130711;110800;129730.0000000;129760.0000000;129670.0000000;129710.0000000;4945
SPFB.RTS;1;20130711;110900;129730.0000000;129790.0000000;129660.0000000;129660.0000000;4276
SPFB.RTS;1;20130711;111000;129650.0000000;129660.0000000;129530.0000000;129560.0000000;4031
SPFB.RTS;1;20130711;111100;129540.0000000;129590.0000000;129500.0000000;129540.0000000;2364
SPFB.RTS;1;20130711;111200;129540.0000000;129560.0000000;129510.0000000;129530.0000000;905
SPFB.RTS;1;20130711;111300;129540.0000000;129550.0000000;129500.0000000;129520.0000000;748
SPFB.RTS;1;20130711;111400;129510.0000000;129550.0000000;129470.0000000;129510.0000000;2001
SPFB.RTS;1;20130711;111500;129510.0000000;129580.0000000;129500.0000000;129580.0000000;709
SPFB.RTS;1;20130711;111600;129550.0000000;129590.0000000;129460.0000000;129480.0000000;2177
SPFB.RTS;1;20130711;111700;129470.0000000;129500.0000000;129420.0000000;129450.0000000;1788
SPFB.RTS;1;20130711;111800;129460.0000000;129490.0000000;129410.0000000;129460.0000000;1421
SPFB.RTS;1;20130711;111900;129470.0000000;129580.0000000;129460.0000000;129550.0000000;1213
SPFB.RTS;1;20130711;112000;129550.0000000;129590.0000000;129530.0000000;129540.0000000;971
SPFB.RTS;1;20130711;112100;129530.0000000;129550.0000000;129480.0000000;129530.0000000;1472
SPFB.RTS;1;20130711;112200;129530.0000000;129550.0000000;129470.0000000;129490.0000000;825
SPFB.RTS;1;20130711;112300;129480.0000000;129500.0000000;129450.0000000;129480.0000000;948
SPFB.RTS;1;20130711;112400;129490.0000000;129510.0000000;129430.0000000;129510.0000000;1290
SPFB.RTS;1;20130711;112500;129490.0000000;129500.0000000;129400.0000000;129440.0000000;2322
SPFB.RTS;1;20130711;112600;129440.0000000;129500.0000000;129370.0000000;129490.0000000;3552
SPFB.RTS;1;20130711;112700;129490.0000000;129490.0000000;129420.0000000;129430.0000000;634
SPFB.RTS;1;20130711;112800;129440.0000000;129450.0000000;129410.0000000;129450.0000000;452
SPFB.RTS;1;20130711;112900;129450.0000000;129500.0000000;129430.0000000;129440.0000000;1392
SPFB.RTS;1;20130711;113000;129450.0000000;129450.0000000;129380.0000000;129440.0000000;2216
SPFB.RTS;1;20130711;113100;129430.0000000;129480.0000000;129430.0000000;129460.0000000;1364
SPFB.RTS;1;20130711;113200;129450.0000000;129460.0000000;129430.0000000;129460.0000000;368
SPFB.RTS;1;20130711;113300;129460.0000000;129480.0000000;129430.0000000;129450.0000000;465
SPFB.RTS;1;20130711;113400;129440.0000000;129470.0000000;129400.0000000;129430.0000000;820
SPFB.RTS;1;20130711;113500;129430.0000000;129430.0000000;129360.0000000;129370.0000000;1625
SPFB.RTS;1;20130711;113600;129370.0000000;129380.0000000;129220.0000000;129300.0000000;6578
SPFB.RTS;1;20130711;113700;129310.0000000;129310.0000000;129220.0000000;129250.0000000;2444
SPFB.RTS;1;20130711;113800;129250.0000000;129310.0000000;129220.0000000;129300.0000000;2395
SPFB.RTS;1;20130711;113900;129280.0000000;129350.0000000;129280.0000000;129330.0000000;1010
SPFB.RTS;1;20130711;114000;129330.0000000;129450.0000000;129310.0000000;129410.0000000;2958
SPFB.RTS;1;20130711;114100;129390.0000000;129420.0000000;129370.0000000;129380.0000000;922
SPFB.RTS;1;20130711;114200;129390.0000000;129470.0000000;129380.0000000;129440.0000000;1152
SPFB.RTS;1;20130711;114300;129430.0000000;129540.0000000;129430.0000000;129500.0000000;4495
SPFB.RTS;1;20130711;114400;129500.0000000;129520.0000000;129470.0000000;129510.0000000;2606
SPFB.RTS;1;20130711;114500;129510.0000000;129530.0000000;129450.0000000;129460.0000000;2376
SPFB.RTS;1;20130711;114600;129460.0000000;129570.0000000;129450.0000000;129520.0000000;1339
SPFB.RTS;1;20130711;114700;129500.0000000;129530.0000000;129460.0000000;129470.0000000;588
SPFB.RTS;1;20130711;114800;129480.0000000;129490.0000000;129430.0000000;129450.0000000;1069
SPFB.RTS;1;20130711;114900;129440.0000000;129440.0000000;129370.0000000;129410.0000000;1549
SPFB.RTS;1;20130711;115000;129400.0000000;129420.0000000;129370.0000000;129410.0000000;536
SPFB.RTS;1;20130711;115100;129400.0000000;129420.0000000;129380.0000000;129410.0000000;863
SPFB.RTS;1;20130711;115200;129410.0000000;129420.0000000;129380.0000000;129380.0000000;534
SPFB.RTS;1;20130711;115300;129390.0000000;129400.0000000;129320.0000000;129330.0000000;1325
SPFB.RTS;1;20130711;115400;129330.0000000;129360.0000000;129320.0000000;129330.0000000;484
SPFB.RTS;1;20130711;115500;129330.0000000;129340.0000000;129270.0000000;129300.0000000;4393
SPFB.RTS;1;20130711;115600;129300.0000000;129350.0000000;129280.0000000;129350.0000000;2082
SPFB.RTS;1;20130711;115700;129350.0000000;129380.0000000;129330.0000000;129370.0000000;963
SPFB.RTS;1;20130711;115800;129360.0000000;129390.0000000;129350.0000000;129360.0000000;377
SPFB.RTS;1;20130711;115900;129350.0000000;129400.0000000;129340.0000000;129390.0000000;659
SPFB.RTS;1;20130711;120000;129390.0000000;129430.0000000;129380.0000000;129400.0000000;1458
SPFB.RTS;1;20130711;120100;129420.0000000;129520.0000000;129400.0000000;129470.0000000;5378
SPFB.RTS;1;20130711;120200;129470.0000000;129510.0000000;129450.0000000;129510.0000000;599
SPFB.RTS;1;20130711;120300;129510.0000000;129520.0000000;129450.0000000;129470.0000000;667
SPFB.RTS;1;20130711;120400;129470.0000000;129580.0000000;129450.0000000;129580.0000000;2971
SPFB.RTS;1;20130711;120500;129580.0000000;129590.0000000;129480.0000000;129500.0000000;1586
SPFB.RTS;1;20130711;120600;129500.0000000;129520.0000000;129490.0000000;129500.0000000;713
SPFB.RTS;1;20130711;120700;129500.0000000;129510.0000000;129450.0000000;129480.0000000;1304
SPFB.RTS;1;20130711;120800;129490.0000000;129500.0000000;129460.0000000;129490.0000000;701
SPFB.RTS;1;20130711;120900;129480.0000000;129500.0000000;129460.0000000;129480.0000000;746
SPFB.RTS;1;20130711;121000;129490.0000000;129490.0000000;129460.0000000;129460.0000000;710
SPFB.RTS;1;20130711;121100;129470.0000000;129500.0000000;129410.0000000;129460.0000000;1495
SPFB.RTS;1;20130711;121200;129450.0000000;129520.0000000;129440.0000000;129500.0000000;1655
SPFB.RTS;1;20130711;121300;129520.0000000;129550.0000000;129490.0000000;129550.0000000;812
SPFB.RTS;1;20130711;121400;129540.0000000;129580.0000000;129520.0000000;129570.0000000;1911
SPFB.RTS;1;20130711;121500;129560.0000000;129620.0000000;129550.0000000;129590.0000000;2433
SPFB.RTS;1;20130711;121600;129590.0000000;129600.0000000;129530.0000000;129530.0000000;913
SPFB.RTS;1;20130711;121700;129530.0000000;129550.0000000;129520.0000000;129550.0000000;484
SPFB.RTS;1;20130711;121800;129540.0000000;129580.0000000;129530.0000000;129550.0000000;920
SPFB.RTS;1;20130711;121900;129550.0000000;129590.0000000;129540.0000000;129570.0000000;937
SPFB.RTS;1;20130711;122000;129580.0000000;129630.0000000;129570.0000000;129620.0000000;1689
SPFB.RTS;1;20130711;122100;129620.0000000;129630.0000000;129550.0000000;129580.0000000;2412
SPFB.RTS;1;20130711;122200;129580.0000000;129650.0000000;129580.0000000;129640.0000000;1767
SPFB.RTS;1;20130711;122300;129650.0000000;129750.0000000;129580.0000000;129610.0000000;4549
SPFB.RTS;1;20130711;122400;129610.0000000;129630.0000000;129580.0000000;129610.0000000;665
SPFB.RTS;1;20130711;122500;129610.0000000;129610.0000000;129550.0000000;129570.0000000;834
SPFB.RTS;1;20130711;122600;129570.0000000;129680.0000000;129570.0000000;129660.0000000;3059
SPFB.RTS;1;20130711;122700;129650.0000000;129740.0000000;129640.0000000;129650.0000000;3746
SPFB.RTS;1;20130711;122800;129650.0000000;129670.0000000;129600.0000000;129610.0000000;962
SPFB.RTS;1;20130711;122900;129610.0000000;129650.0000000;129600.0000000;129620.0000000;1065
SPFB.RTS;1;20130711;123000;129620.0000000;129660.0000000;129620.0000000;129640.0000000;574
SPFB.RTS;1;20130711;123100;129630.0000000;129660.0000000;129580.0000000;129610.0000000;991
SPFB.RTS;1;20130711;123200;129610.0000000;129620.0000000;129570.0000000;129600.0000000;536
SPFB.RTS;1;20130711;123300;129600.0000000;129600.0000000;129560.0000000;129590.0000000;610
SPFB.RTS;1;20130711;123400;129590.0000000;129600.0000000;129560.0000000;129600.0000000;257
SPFB.RTS;1;20130711;123500;129600.0000000;129650.0000000;129590.0000000;129600.0000000;1036
SPFB.RTS;1;20130711;123600;129610.0000000;129620.0000000;129570.0000000;129580.0000000;385
SPFB.RTS;1;20130711;123700;129570.0000000;129640.0000000;129560.0000000;129630.0000000;2058
SPFB.RTS;1;20130711;123800;129630.0000000;129640.0000000;129580.0000000;129590.0000000;802
SPFB.RTS;1;20130711;123900;129580.0000000;129620.0000000;129570.0000000;129570.0000000;1153
SPFB.RTS;1;20130711;124000;129580.0000000;129600.0000000;129560.0000000;129570.0000000;1065
SPFB.RTS;1;20130711;124100;129570.0000000;129630.0000000;129530.0000000;129600.0000000;2839
SPFB.RTS;1;20130711;124200;129590.0000000;129630.0000000;129570.0000000;129600.0000000;721
SPFB.RTS;1;20130711;124300;129610.0000000;129620.0000000;129430.0000000;129430.0000000;3192
SPFB.RTS;1;20130711;124400;129450.0000000;129510.0000000;129430.0000000;129490.0000000;2309
SPFB.RTS;1;20130711;124500;129480.0000000;129490.0000000;129440.0000000;129440.0000000;673
SPFB.RTS;1;20130711;124600;129440.0000000;129460.0000000;129340.0000000;129370.0000000;2507
SPFB.RTS;1;20130711;124700;129370.0000000;129440.0000000;129370.0000000;129390.0000000;1789
SPFB.RTS;1;20130711;124800;129400.0000000;129450.0000000;129390.0000000;129430.0000000;472
SPFB.RTS;1;20130711;124900;129440.0000000;129460.0000000;129400.0000000;129400.0000000;458
SPFB.RTS;1;20130711;125000;129420.0000000;129440.0000000;129400.0000000;129410.0000000;288
SPFB.RTS;1;20130711;125100;129410.0000000;129440.0000000;129370.0000000;129410.0000000;1407
SPFB.RTS;1;20130711;125200;129410.0000000;129470.0000000;129390.0000000;129460.0000000;475
SPFB.RTS;1;20130711;125300;129450.0000000;129460.0000000;129420.0000000;129430.0000000;168
SPFB.RTS;1;20130711;125400;129430.0000000;129450.0000000;129400.0000000;129400.0000000;327
SPFB.RTS;1;20130711;125500;129390.0000000;129400.0000000;129310.0000000;129330.0000000;1979
SPFB.RTS;1;20130711;125600;129350.0000000;129410.0000000;129300.0000000;129400.0000000;3998
SPFB.RTS;1;20130711;125700;129410.0000000;129500.0000000;129400.0000000;129440.0000000;1412
SPFB.RTS;1;20130711;125800;129450.0000000;129470.0000000;129420.0000000;129440.0000000;635
SPFB.RTS;1;20130711;125900;129460.0000000;129550.0000000;129420.0000000;129500.0000000;4858
SPFB.RTS;1;20130711;130000;129510.0000000;129540.0000000;129470.0000000;129520.0000000;1070
SPFB.RTS;1;20130711;130100;129520.0000000;129590.0000000;129520.0000000;129530.0000000;1418
SPFB.RTS;1;20130711;130200;129530.0000000;129570.0000000;129520.0000000;129560.0000000;782
SPFB.RTS;1;20130711;130300;129570.0000000;129630.0000000;129550.0000000;129550.0000000;1355
SPFB.RTS;1;20130711;130400;129560.0000000;129590.0000000;129520.0000000;129550.0000000;859
SPFB.RTS;1;20130711;130500;129550.0000000;129570.0000000;129530.0000000;129560.0000000;241
SPFB.RTS;1;20130711;130600;129570.0000000;129580.0000000;129550.0000000;129570.0000000;389
SPFB.RTS;1;20130711;130700;129570.0000000;129580.0000000;129550.0000000;129550.0000000;247
SPFB.RTS;1;20130711;130800;129550.0000000;129580.0000000;129550.0000000;129550.0000000;407
SPFB.RTS;1;20130711;130900;129560.0000000;129610.0000000;129540.0000000;129580.0000000;1009
SPFB.RTS;1;20130711;131000;129590.0000000;129600.0000000;129550.0000000;129550.0000000;348
SPFB.RTS;1;20130711;131100;129560.0000000;129600.0000000;129560.0000000;129580.0000000;293
SPFB.RTS;1;20130711;131200;129590.0000000;129590.0000000;129490.0000000;129500.0000000;2144
SPFB.RTS;1;20130711;131300;129510.0000000;129520.0000000;129490.0000000;129500.0000000;472
SPFB.RTS;1;20130711;131400;129500.0000000;129510.0000000;129430.0000000;129460.0000000;2339
SPFB.RTS;1;20130711;131500;129470.0000000;129470.0000000;129430.0000000;129450.0000000;472
SPFB.RTS;1;20130711;131600;129440.0000000;129480.0000000;129420.0000000;129430.0000000;703
SPFB.RTS;1;20130711;131700;129440.0000000;129480.0000000;129430.0000000;129470.0000000;379
SPFB.RTS;1;20130711;131800;129470.0000000;129480.0000000;129430.0000000;129430.0000000;345
SPFB.RTS;1;20130711;131900;129440.0000000;129470.0000000;129400.0000000;129420.0000000;1404
SPFB.RTS;1;20130711;132000;129420.0000000;129450.0000000;129410.0000000;129430.0000000;548
SPFB.RTS;1;20130711;132100;129420.0000000;129460.0000000;129380.0000000;129460.0000000;741
SPFB.RTS;1;20130711;132200;129450.0000000;129470.0000000;129400.0000000;129420.0000000;703
SPFB.RTS;1;20130711;132300;129430.0000000;129490.0000000;129420.0000000;129480.0000000;1205
SPFB.RTS;1;20130711;132400;129480.0000000;129490.0000000;129460.0000000;129480.0000000;346
SPFB.RTS;1;20130711;132500;129470.0000000;129490.0000000;129420.0000000;129460.0000000;1003
SPFB.RTS;1;20130711;132600;129470.0000000;129490.0000000;129430.0000000;129430.0000000;778
SPFB.RTS;1;20130711;132700;129440.0000000;129470.0000000;129420.0000000;129430.0000000;594
SPFB.RTS;1;20130711;132800;129440.0000000;129440.0000000;129350.0000000;129380.0000000;1499
SPFB.RTS;1;20130711;132900;129370.0000000;129390.0000000;129300.0000000;129330.0000000;4254
SPFB.RTS;1;20130711;133000;129330.0000000;129400.0000000;129300.0000000;129330.0000000;2001
SPFB.RTS;1;20130711;133100;129350.0000000;129350.0000000;129270.0000000;129300.0000000;2581
SPFB.RTS;1;20130711;133200;129310.0000000;129360.0000000;129260.0000000;129300.0000000;1814
SPFB.RTS;1;20130711;133300;129290.0000000;129390.0000000;129280.0000000;129390.0000000;1684
SPFB.RTS;1;20130711;133400;129380.0000000;129450.0000000;129360.0000000;129420.0000000;888
SPFB.RTS;1;20130711;133500;129420.0000000;129470.0000000;129410.0000000;129470.0000000;1350
SPFB.RTS;1;20130711;133600;129450.0000000;129520.0000000;129440.0000000;129440.0000000;1595
SPFB.RTS;1;20130711;133700;129440.0000000;129480.0000000;129410.0000000;129470.0000000;1596
SPFB.RTS;1;20130711;133800;129480.0000000;129510.0000000;129460.0000000;129480.0000000;417
SPFB.RTS;1;20130711;133900;129490.0000000;129530.0000000;129480.0000000;129490.0000000;571
SPFB.RTS;1;20130711;134000;129500.0000000;129520.0000000;129470.0000000;129490.0000000;512
SPFB.RTS;1;20130711;134100;129500.0000000;129520.0000000;129460.0000000;129490.0000000;1770
SPFB.RTS;1;20130711;134200;129490.0000000;129520.0000000;129480.0000000;129510.0000000;633
SPFB.RTS;1;20130711;134300;129510.0000000;129550.0000000;129510.0000000;129530.0000000;926
SPFB.RTS;1;20130711;134400;129520.0000000;129670.0000000;129490.0000000;129640.0000000;3403
SPFB.RTS;1;20130711;134500;129660.0000000;129710.0000000;129620.0000000;129670.0000000;3976
SPFB.RTS;1;20130711;134600;129670.0000000;129690.0000000;129570.0000000;129600.0000000;1529
SPFB.RTS;1;20130711;134700;129610.0000000;129620.0000000;129590.0000000;129600.0000000;322
SPFB.RTS;1;20130711;134800;129610.0000000;129660.0000000;129600.0000000;129660.0000000;545
SPFB.RTS;1;20130711;134900;129660.0000000;129680.0000000;129580.0000000;129640.0000000;2392
SPFB.RTS;1;20130711;135000;129640.0000000;129640.0000000;129590.0000000;129620.0000000;872
SPFB.RTS;1;20130711;135100;129630.0000000;129820.0000000;129620.0000000;129750.0000000;4135
SPFB.RTS;1;20130711;135200;129760.0000000;129760.0000000;129670.0000000;129670.0000000;2348
SPFB.RTS;1;20130711;135300;129680.0000000;129700.0000000;129650.0000000;129660.0000000;864
SPFB.RTS;1;20130711;135400;129660.0000000;129680.0000000;129630.0000000;129650.0000000;455
SPFB.RTS;1;20130711;135500;129640.0000000;129730.0000000;129640.0000000;129720.0000000;963
SPFB.RTS;1;20130711;135600;129710.0000000;129770.0000000;129690.0000000;129750.0000000;1244
SPFB.RTS;1;20130711;135700;129750.0000000;129780.0000000;129670.0000000;129710.0000000;1610
SPFB.RTS;1;20130711;135800;129720.0000000;129970.0000000;129710.0000000;129970.0000000;9391
SPFB.RTS;1;20130711;135900;129950.0000000;130000.0000000;129900.0000000;129900.0000000;8685
SPFB.RTS;1;20130711;140000;129900.0000000;129940.0000000;129840.0000000;129880.0000000;2022
SPFB.RTS;1;20130711;140400;129870.0000000;129890.0000000;129770.0000000;129790.0000000;3499
SPFB.RTS;1;20130711;140500;129800.0000000;129800.0000000;129730.0000000;129740.0000000;2419
SPFB.RTS;1;20130711;140600;129750.0000000;129780.0000000;129670.0000000;129690.0000000;3060
SPFB.RTS;1;20130711;140700;129700.0000000;129700.0000000;129640.0000000;129650.0000000;2308
SPFB.RTS;1;20130711;140800;129660.0000000;129660.0000000;129610.0000000;129610.0000000;1302
SPFB.RTS;1;20130711;140900;129630.0000000;129710.0000000;129620.0000000;129660.0000000;1215
SPFB.RTS;1;20130711;141000;129660.0000000;129670.0000000;129610.0000000;129640.0000000;1289
SPFB.RTS;1;20130711;141100;129650.0000000;129660.0000000;129620.0000000;129640.0000000;608
SPFB.RTS;1;20130711;141200;129640.0000000;129730.0000000;129630.0000000;129670.0000000;1283
SPFB.RTS;1;20130711;141300;129670.0000000;129700.0000000;129640.0000000;129660.0000000;743
SPFB.RTS;1;20130711;141400;129660.0000000;129680.0000000;129640.0000000;129670.0000000;403
SPFB.RTS;1;20130711;141500;129660.0000000;129680.0000000;129620.0000000;129630.0000000;961
SPFB.RTS;1;20130711;141600;129640.0000000;129650.0000000;129610.0000000;129610.0000000;642
SPFB.RTS;1;20130711;141700;129630.0000000;129630.0000000;129600.0000000;129630.0000000;588
SPFB.RTS;1;20130711;141800;129630.0000000;129640.0000000;129600.0000000;129630.0000000;701
SPFB.RTS;1;20130711;141900;129640.0000000;129680.0000000;129630.0000000;129650.0000000;1078
SPFB.RTS;1;20130711;142000;129650.0000000;129670.0000000;129630.0000000;129640.0000000;641
SPFB.RTS;1;20130711;142100;129640.0000000;129650.0000000;129580.0000000;129580.0000000;1571
SPFB.RTS;1;20130711;142200;129580.0000000;129650.0000000;129570.0000000;129600.0000000;1467
SPFB.RTS;1;20130711;142300;129600.0000000;129660.0000000;129600.0000000;129620.0000000;1766
SPFB.RTS;1;20130711;142400;129630.0000000;129650.0000000;129610.0000000;129640.0000000;343
SPFB.RTS;1;20130711;142500;129650.0000000;129670.0000000;129640.0000000;129650.0000000;474
SPFB.RTS;1;20130711;142600;129650.0000000;129680.0000000;129630.0000000;129640.0000000;713
SPFB.RTS;1;20130711;142700;129630.0000000;129640.0000000;129580.0000000;129600.0000000;947
SPFB.RTS;1;20130711;142800;129610.0000000;129630.0000000;129590.0000000;129620.0000000;498
SPFB.RTS;1;20130711;142900;129620.0000000;129630.0000000;129560.0000000;129580.0000000;901
SPFB.RTS;1;20130711;143000;129590.0000000;129600.0000000;129440.0000000;129520.0000000;5962
SPFB.RTS;1;20130711;143100;129530.0000000;129550.0000000;129440.0000000;129490.0000000;1432
SPFB.RTS;1;20130711;143200;129490.0000000;129580.0000000;129490.0000000;129570.0000000;1249
SPFB.RTS;1;20130711;143300;129560.0000000;129630.0000000;129560.0000000;129630.0000000;1086
SPFB.RTS;1;20130711;143400;129610.0000000;129660.0000000;129600.0000000;129610.0000000;995
SPFB.RTS;1;20130711;143500;129610.0000000;129620.0000000;129570.0000000;129580.0000000;578
SPFB.RTS;1;20130711;143600;129580.0000000;129600.0000000;129530.0000000;129540.0000000;1148
SPFB.RTS;1;20130711;143700;129550.0000000;129590.0000000;129520.0000000;129590.0000000;1657
SPFB.RTS;1;20130711;143800;129570.0000000;129600.0000000;129560.0000000;129580.0000000;1301
SPFB.RTS;1;20130711;143900;129580.0000000;129600.0000000;129570.0000000;129590.0000000;439
SPFB.RTS;1;20130711;144000;129590.0000000;129640.0000000;129580.0000000;129640.0000000;1746
SPFB.RTS;1;20130711;144100;129640.0000000;129650.0000000;129610.0000000;129620.0000000;754
SPFB.RTS;1;20130711;144200;129630.0000000;129640.0000000;129560.0000000;129600.0000000;913
SPFB.RTS;1;20130711;144300;129580.0000000;129610.0000000;129580.0000000;129610.0000000;815
SPFB.RTS;1;20130711;144400;129610.0000000;129640.0000000;129590.0000000;129600.0000000;678
SPFB.RTS;1;20130711;144500;129610.0000000;129630.0000000;129600.0000000;129600.0000000;119
SPFB.RTS;1;20130711;144600;129600.0000000;129620.0000000;129570.0000000;129580.0000000;360
SPFB.RTS;1;20130711;144700;129580.0000000;129590.0000000;129570.0000000;129570.0000000;271
SPFB.RTS;1;20130711;144800;129570.0000000;129640.0000000;129560.0000000;129630.0000000;390
SPFB.RTS;1;20130711;144900;129630.0000000;129650.0000000;129620.0000000;129620.0000000;290
SPFB.RTS;1;20130711;145000;129630.0000000;129640.0000000;129580.0000000;129600.0000000;632
SPFB.RTS;1;20130711;145100;129600.0000000;129600.0000000;129580.0000000;129580.0000000;341
SPFB.RTS;1;20130711;145200;129570.0000000;129580.0000000;129550.0000000;129560.0000000;432
SPFB.RTS;1;20130711;145300;129550.0000000;129580.0000000;129550.0000000;129580.0000000;360
SPFB.RTS;1;20130711;145400;129580.0000000;129600.0000000;129580.0000000;129590.0000000;418
SPFB.RTS;1;20130711;145500;129590.0000000;129600.0000000;129570.0000000;129570.0000000;326
SPFB.RTS;1;20130711;145600;129580.0000000;129600.0000000;129560.0000000;129590.0000000;480
SPFB.RTS;1;20130711;145700;129580.0000000;129600.0000000;129560.0000000;129580.0000000;393
SPFB.RTS;1;20130711;145800;129580.0000000;129600.0000000;129570.0000000;129600.0000000;699
SPFB.RTS;1;20130711;145900;129600.0000000;129620.0000000;129570.0000000;129580.0000000;605
SPFB.RTS;1;20130711;150000;129580.0000000;129590.0000000;129550.0000000;129550.0000000;433
SPFB.RTS;1;20130711;150100;129570.0000000;129570.0000000;129520.0000000;129570.0000000;791
SPFB.RTS;1;20130711;150200;129570.0000000;129610.0000000;129570.0000000;129610.0000000;389
SPFB.RTS;1;20130711;150300;129610.0000000;129610.0000000;129590.0000000;129600.0000000;387
SPFB.RTS;1;20130711;150400;129600.0000000;129630.0000000;129600.0000000;129630.0000000;232
SPFB.RTS;1;20130711;150500;129620.0000000;129680.0000000;129600.0000000;129660.0000000;1336
SPFB.RTS;1;20130711;150600;129660.0000000;129700.0000000;129650.0000000;129670.0000000;1020
SPFB.RTS;1;20130711;150700;129680.0000000;129680.0000000;129640.0000000;129650.0000000;602
SPFB.RTS;1;20130711;150800;129640.0000000;129660.0000000;129610.0000000;129630.0000000;389
SPFB.RTS;1;20130711;150900;129630.0000000;129670.0000000;129630.0000000;129670.0000000;411
SPFB.RTS;1;20130711;151000;129650.0000000;129660.0000000;129640.0000000;129650.0000000;99
SPFB.RTS;1;20130711;151100;129640.0000000;129650.0000000;129640.0000000;129650.0000000;132
SPFB.RTS;1;20130711;151200;129650.0000000;129680.0000000;129640.0000000;129650.0000000;369
SPFB.RTS;1;20130711;151300;129650.0000000;129700.0000000;129640.0000000;129690.0000000;674
SPFB.RTS;1;20130711;151400;129690.0000000;129690.0000000;129630.0000000;129640.0000000;591
SPFB.RTS;1;20130711;151500;129640.0000000;129650.0000000;129610.0000000;129610.0000000;253
SPFB.RTS;1;20130711;151600;129610.0000000;129640.0000000;129590.0000000;129630.0000000;418
SPFB.RTS;1;20130711;151700;129640.0000000;129680.0000000;129630.0000000;129650.0000000;319
SPFB.RTS;1;20130711;151800;129650.0000000;129660.0000000;129590.0000000;129610.0000000;369
SPFB.RTS;1;20130711;151900;129610.0000000;129640.0000000;129610.0000000;129610.0000000;130
SPFB.RTS;1;20130711;152000;129610.0000000;129640.0000000;129610.0000000;129640.0000000;268
SPFB.RTS;1;20130711;152100;129640.0000000;129640.0000000;129610.0000000;129620.0000000;119
SPFB.RTS;1;20130711;152200;129620.0000000;129620.0000000;129600.0000000;129600.0000000;94
SPFB.RTS;1;20130711;152300;129600.0000000;129620.0000000;129590.0000000;129620.0000000;290
SPFB.RTS;1;20130711;152400;129610.0000000;129660.0000000;129610.0000000;129650.0000000;506
SPFB.RTS;1;20130711;152500;129670.0000000;129700.0000000;129650.0000000;129670.0000000;1178
SPFB.RTS;1;20130711;152600;129660.0000000;129710.0000000;129660.0000000;129710.0000000;862
SPFB.RTS;1;20130711;152700;129710.0000000;129760.0000000;129690.0000000;129740.0000000;601
SPFB.RTS;1;20130711;152800;129760.0000000;129780.0000000;129720.0000000;129760.0000000;1446
SPFB.RTS;1;20130711;152900;129760.0000000;129820.0000000;129720.0000000;129800.0000000;1061
SPFB.RTS;1;20130711;153000;129810.0000000;129870.0000000;129770.0000000;129870.0000000;1842
SPFB.RTS;1;20130711;153100;129870.0000000;130200.0000000;129860.0000000;130040.0000000;15276
SPFB.RTS;1;20130711;153200;130030.0000000;130080.0000000;130020.0000000;130080.0000000;1301
SPFB.RTS;1;20130711;153300;130080.0000000;130080.0000000;130020.0000000;130030.0000000;919
SPFB.RTS;1;20130711;153400;130030.0000000;130030.0000000;129960.0000000;129980.0000000;1697
SPFB.RTS;1;20130711;153500;129980.0000000;130150.0000000;129980.0000000;130080.0000000;3311
SPFB.RTS;1;20130711;153600;130070.0000000;130260.0000000;130060.0000000;130110.0000000;5354
SPFB.RTS;1;20130711;153700;130110.0000000;130240.0000000;130070.0000000;130150.0000000;4212
SPFB.RTS;1;20130711;153800;130150.0000000;130280.0000000;130140.0000000;130280.0000000;4897
SPFB.RTS;1;20130711;153900;130280.0000000;130400.0000000;130230.0000000;130360.0000000;5701
SPFB.RTS;1;20130711;154000;130360.0000000;130520.0000000;130320.0000000;130460.0000000;12127
SPFB.RTS;1;20130711;154100;130460.0000000;130470.0000000;130360.0000000;130400.0000000;4868
SPFB.RTS;1;20130711;154200;130400.0000000;130410.0000000;130280.0000000;130340.0000000;5023
SPFB.RTS;1;20130711;154300;130330.0000000;130520.0000000;130320.0000000;130480.0000000;5873
SPFB.RTS;1;20130711;154400;130500.0000000;130610.0000000;130450.0000000;130590.0000000;4734
SPFB.RTS;1;20130711;154500;130590.0000000;130610.0000000;130470.0000000;130510.0000000;3628
SPFB.RTS;1;20130711;154600;130520.0000000;130550.0000000;130430.0000000;130450.0000000;3661
SPFB.RTS;1;20130711;154700;130430.0000000;130510.0000000;130420.0000000;130450.0000000;1695
SPFB.RTS;1;20130711;154800;130450.0000000;130470.0000000;130350.0000000;130360.0000000;2762
SPFB.RTS;1;20130711;154900;130360.0000000;130520.0000000;130340.0000000;130440.0000000;4738
SPFB.RTS;1;20130711;155000;130440.0000000;130460.0000000;130420.0000000;130440.0000000;411
SPFB.RTS;1;20130711;155100;130440.0000000;130520.0000000;130430.0000000;130430.0000000;1943
SPFB.RTS;1;20130711;155200;130450.0000000;130450.0000000;130370.0000000;130380.0000000;952
SPFB.RTS;1;20130711;155300;130380.0000000;130440.0000000;130350.0000000;130420.0000000;1700
SPFB.RTS;1;20130711;155400;130410.0000000;130470.0000000;130400.0000000;130430.0000000;776
SPFB.RTS;1;20130711;155500;130420.0000000;130440.0000000;130360.0000000;130380.0000000;1315
SPFB.RTS;1;20130711;155600;130380.0000000;130410.0000000;130360.0000000;130400.0000000;510
SPFB.RTS;1;20130711;155700;130410.0000000;130420.0000000;130390.0000000;130400.0000000;224
SPFB.RTS;1;20130711;155800;130390.0000000;130400.0000000;130310.0000000;130320.0000000;1467
SPFB.RTS;1;20130711;155900;130330.0000000;130410.0000000;130320.0000000;130370.0000000;758
SPFB.RTS;1;20130711;160000;130370.0000000;130390.0000000;130340.0000000;130350.0000000;455
SPFB.RTS;1;20130711;160100;130360.0000000;130420.0000000;130330.0000000;130420.0000000;1642
SPFB.RTS;1;20130711;160200;130400.0000000;130410.0000000;130350.0000000;130350.0000000;645
SPFB.RTS;1;20130711;160300;130370.0000000;130450.0000000;130360.0000000;130410.0000000;976
SPFB.RTS;1;20130711;160400;130410.0000000;130440.0000000;130390.0000000;130440.0000000;713
SPFB.RTS;1;20130711;160500;130440.0000000;130470.0000000;130420.0000000;130430.0000000;994
SPFB.RTS;1;20130711;160600;130440.0000000;130470.0000000;130430.0000000;130430.0000000;1187
SPFB.RTS;1;20130711;160700;130440.0000000;130470.0000000;130420.0000000;130440.0000000;1184
SPFB.RTS;1;20130711;160800;130430.0000000;130540.0000000;130410.0000000;130500.0000000;2944
SPFB.RTS;1;20130711;160900;130500.0000000;130500.0000000;130380.0000000;130380.0000000;1452
SPFB.RTS;1;20130711;161000;130390.0000000;130390.0000000;130340.0000000;130360.0000000;1740
SPFB.RTS;1;20130711;161100;130350.0000000;130420.0000000;130350.0000000;130380.0000000;895
SPFB.RTS;1;20130711;161200;130370.0000000;130380.0000000;130330.0000000;130360.0000000;1205
SPFB.RTS;1;20130711;161300;130360.0000000;130400.0000000;130350.0000000;130400.0000000;606
SPFB.RTS;1;20130711;161400;130380.0000000;130400.0000000;130350.0000000;130360.0000000;1014
SPFB.RTS;1;20130711;161500;130370.0000000;130380.0000000;130350.0000000;130370.0000000;316
SPFB.RTS;1;20130711;161600;130370.0000000;130390.0000000;130320.0000000;130340.0000000;1477
SPFB.RTS;1;20130711;161700;130340.0000000;130350.0000000;130320.0000000;130340.0000000;527
SPFB.RTS;1;20130711;161800;130350.0000000;130360.0000000;130320.0000000;130330.0000000;516
SPFB.RTS;1;20130711;161900;130330.0000000;130360.0000000;130320.0000000;130340.0000000;786
SPFB.RTS;1;20130711;162000;130340.0000000;130370.0000000;130320.0000000;130360.0000000;552
SPFB.RTS;1;20130711;162100;130360.0000000;130430.0000000;130330.0000000;130420.0000000;1190
SPFB.RTS;1;20130711;162200;130410.0000000;130440.0000000;130410.0000000;130430.0000000;721
SPFB.RTS;1;20130711;162300;130430.0000000;130440.0000000;130410.0000000;130410.0000000;460
SPFB.RTS;1;20130711;162400;130420.0000000;130450.0000000;130400.0000000;130420.0000000;715
SPFB.RTS;1;20130711;162500;130410.0000000;130450.0000000;130400.0000000;130440.0000000;672
SPFB.RTS;1;20130711;162600;130450.0000000;130470.0000000;130420.0000000;130450.0000000;932
SPFB.RTS;1;20130711;162700;130440.0000000;130450.0000000;130400.0000000;130410.0000000;689
SPFB.RTS;1;20130711;162800;130420.0000000;130450.0000000;130410.0000000;130430.0000000;222
SPFB.RTS;1;20130711;162900;130450.0000000;130490.0000000;130430.0000000;130480.0000000;1284
SPFB.RTS;1;20130711;163000;130480.0000000;130670.0000000;130460.0000000;130660.0000000;7486
SPFB.RTS;1;20130711;163100;130650.0000000;130720.0000000;130470.0000000;130510.0000000;9463
SPFB.RTS;1;20130711;163200;130520.0000000;130550.0000000;130450.0000000;130480.0000000;3113
SPFB.RTS;1;20130711;163300;130480.0000000;130610.0000000;130410.0000000;130540.0000000;6357
SPFB.RTS;1;20130711;163400;130540.0000000;130690.0000000;130500.0000000;130520.0000000;4842
SPFB.RTS;1;20130711;163500;130510.0000000;130580.0000000;130490.0000000;130530.0000000;3112
SPFB.RTS;1;20130711;163600;130530.0000000;130600.0000000;130480.0000000;130590.0000000;1554
SPFB.RTS;1;20130711;163700;130590.0000000;130610.0000000;130450.0000000;130450.0000000;2178
SPFB.RTS;1;20130711;163800;130450.0000000;130510.0000000;130430.0000000;130460.0000000;2576
SPFB.RTS;1;20130711;163900;130460.0000000;130470.0000000;130370.0000000;130380.0000000;2143
SPFB.RTS;1;20130711;164000;130380.0000000;130420.0000000;130350.0000000;130350.0000000;1656
SPFB.RTS;1;20130711;164100;130350.0000000;130360.0000000;130240.0000000;130270.0000000;4809
SPFB.RTS;1;20130711;164200;130260.0000000;130330.0000000;130250.0000000;130280.0000000;1690
SPFB.RTS;1;20130711;164300;130280.0000000;130420.0000000;130270.0000000;130420.0000000;2489
SPFB.RTS;1;20130711;164400;130420.0000000;130420.0000000;130340.0000000;130370.0000000;1719
SPFB.RTS;1;20130711;164500;130370.0000000;130470.0000000;130350.0000000;130430.0000000;2004
SPFB.RTS;1;20130711;164600;130430.0000000;130530.0000000;130420.0000000;130490.0000000;3191
SPFB.RTS;1;20130711;164700;130490.0000000;130610.0000000;130480.0000000;130560.0000000;3245
SPFB.RTS;1;20130711;164800;130550.0000000;130590.0000000;130480.0000000;130500.0000000;1741
SPFB.RTS;1;20130711;164900;130500.0000000;130530.0000000;130470.0000000;130500.0000000;1141
SPFB.RTS;1;20130711;165000;130500.0000000;130530.0000000;130500.0000000;130510.0000000;360
SPFB.RTS;1;20130711;165100;130510.0000000;130520.0000000;130460.0000000;130470.0000000;825
SPFB.RTS;1;20130711;165200;130470.0000000;130500.0000000;130460.0000000;130470.0000000;472
SPFB.RTS;1;20130711;165300;130480.0000000;130500.0000000;130460.0000000;130480.0000000;1062
SPFB.RTS;1;20130711;165400;130490.0000000;130640.0000000;130470.0000000;130620.0000000;3498
SPFB.RTS;1;20130711;165500;130620.0000000;130710.0000000;130620.0000000;130690.0000000;4840
SPFB.RTS;1;20130711;165600;130690.0000000;130690.0000000;130590.0000000;130620.0000000;2140
SPFB.RTS;1;20130711;165700;130620.0000000;130640.0000000;130590.0000000;130640.0000000;689
SPFB.RTS;1;20130711;165800;130640.0000000;130740.0000000;130640.0000000;130670.0000000;3380
SPFB.RTS;1;20130711;165900;130670.0000000;130800.0000000;130670.0000000;130770.0000000;5525
SPFB.RTS;1;20130711;170000;130770.0000000;130790.0000000;130660.0000000;130700.0000000;2845
SPFB.RTS;1;20130711;170100;130690.0000000;130880.0000000;130690.0000000;130770.0000000;7304
SPFB.RTS;1;20130711;170200;130770.0000000;130790.0000000;130680.0000000;130720.0000000;1969
SPFB.RTS;1;20130711;170300;130710.0000000;130740.0000000;130700.0000000;130740.0000000;420
SPFB.RTS;1;20130711;170400;130750.0000000;130860.0000000;130730.0000000;130770.0000000;2435
SPFB.RTS;1;20130711;170500;130780.0000000;130830.0000000;130760.0000000;130780.0000000;1212
SPFB.RTS;1;20130711;170600;130790.0000000;130820.0000000;130730.0000000;130730.0000000;696
SPFB.RTS;1;20130711;170700;130730.0000000;130760.0000000;130690.0000000;130710.0000000;1074
SPFB.RTS;1;20130711;170800;130710.0000000;130720.0000000;130660.0000000;130690.0000000;1176
SPFB.RTS;1;20130711;170900;130680.0000000;130730.0000000;130680.0000000;130730.0000000;544
SPFB.RTS;1;20130711;171000;130730.0000000;130790.0000000;130720.0000000;130770.0000000;695
SPFB.RTS;1;20130711;171100;130770.0000000;130780.0000000;130750.0000000;130760.0000000;521
SPFB.RTS;1;20130711;171200;130770.0000000;130890.0000000;130760.0000000;130870.0000000;2922
SPFB.RTS;1;20130711;171300;130870.0000000;131050.0000000;130870.0000000;131010.0000000;10977
SPFB.RTS;1;20130711;171400;131000.0000000;131080.0000000;130990.0000000;131020.0000000;3068
SPFB.RTS;1;20130711;171500;131020.0000000;131030.0000000;130980.0000000;131010.0000000;1670
SPFB.RTS;1;20130711;171600;131010.0000000;131230.0000000;131000.0000000;131120.0000000;11597
SPFB.RTS;1;20130711;171700;131120.0000000;131140.0000000;131080.0000000;131090.0000000;2018
SPFB.RTS;1;20130711;171800;131080.0000000;131110.0000000;131040.0000000;131060.0000000;1625
SPFB.RTS;1;20130711;171900;131060.0000000;131130.0000000;131050.0000000;131120.0000000;934
SPFB.RTS;1;20130711;172000;131130.0000000;131320.0000000;131120.0000000;131250.0000000;7585
SPFB.RTS;1;20130711;172100;131250.0000000;131330.0000000;131200.0000000;131220.0000000;4430
SPFB.RTS;1;20130711;172200;131210.0000000;131250.0000000;131180.0000000;131200.0000000;1692
SPFB.RTS;1;20130711;172300;131200.0000000;131230.0000000;131140.0000000;131140.0000000;2037
SPFB.RTS;1;20130711;172400;131140.0000000;131270.0000000;131140.0000000;131250.0000000;2664
SPFB.RTS;1;20130711;172500;131270.0000000;131430.0000000;131270.0000000;131340.0000000;7501
SPFB.RTS;1;20130711;172600;131330.0000000;131340.0000000;131250.0000000;131270.0000000;2421
SPFB.RTS;1;20130711;172700;131250.0000000;131270.0000000;131210.0000000;131250.0000000;1328
SPFB.RTS;1;20130711;172800;131260.0000000;131280.0000000;131220.0000000;131230.0000000;879
SPFB.RTS;1;20130711;172900;131220.0000000;131260.0000000;131210.0000000;131250.0000000;859
SPFB.RTS;1;20130711;173000;131250.0000000;131270.0000000;131150.0000000;131180.0000000;2161
SPFB.RTS;1;20130711;173100;131170.0000000;131190.0000000;131090.0000000;131120.0000000;4750
SPFB.RTS;1;20130711;173200;131100.0000000;131170.0000000;131090.0000000;131090.0000000;2115
SPFB.RTS;1;20130711;173300;131100.0000000;131100.0000000;130940.0000000;131020.0000000;7078
SPFB.RTS;1;20130711;173400;131010.0000000;131150.0000000;130950.0000000;131130.0000000;4980
SPFB.RTS;1;20130711;173500;131130.0000000;131190.0000000;131040.0000000;131050.0000000;2210
SPFB.RTS;1;20130711;173600;131040.0000000;131040.0000000;130930.0000000;130950.0000000;3742
SPFB.RTS;1;20130711;173700;130950.0000000;131020.0000000;130930.0000000;130980.0000000;2350
SPFB.RTS;1;20130711;173800;130990.0000000;131020.0000000;130960.0000000;130960.0000000;994
SPFB.RTS;1;20130711;173900;130960.0000000;131020.0000000;130960.0000000;130980.0000000;1026
SPFB.RTS;1;20130711;174000;130980.0000000;131030.0000000;130940.0000000;131030.0000000;1730
SPFB.RTS;1;20130711;174100;131030.0000000;131100.0000000;131030.0000000;131090.0000000;1649
SPFB.RTS;1;20130711;174200;131080.0000000;131090.0000000;131050.0000000;131070.0000000;889
SPFB.RTS;1;20130711;174300;131060.0000000;131060.0000000;130980.0000000;130990.0000000;1616
SPFB.RTS;1;20130711;174400;130990.0000000;131000.0000000;130950.0000000;131000.0000000;982
SPFB.RTS;1;20130711;174500;131000.0000000;131010.0000000;130980.0000000;130990.0000000;686
SPFB.RTS;1;20130711;174600;131010.0000000;131070.0000000;130980.0000000;130990.0000000;2115
SPFB.RTS;1;20130711;174700;130990.0000000;131080.0000000;130980.0000000;131060.0000000;2605
SPFB.RTS;1;20130711;174800;131060.0000000;131090.0000000;131000.0000000;131040.0000000;2225
SPFB.RTS;1;20130711;174900;131050.0000000;131150.0000000;131040.0000000;131110.0000000;2441
SPFB.RTS;1;20130711;175000;131110.0000000;131130.0000000;131070.0000000;131070.0000000;1496
SPFB.RTS;1;20130711;175100;131070.0000000;131120.0000000;131070.0000000;131080.0000000;2546
SPFB.RTS;1;20130711;175200;131090.0000000;131150.0000000;131070.0000000;131150.0000000;1700
SPFB.RTS;1;20130711;175300;131150.0000000;131170.0000000;131100.0000000;131120.0000000;1317
SPFB.RTS;1;20130711;175400;131130.0000000;131170.0000000;131100.0000000;131170.0000000;1264
SPFB.RTS;1;20130711;175500;131150.0000000;131200.0000000;131140.0000000;131190.0000000;1926
SPFB.RTS;1;20130711;175600;131190.0000000;131230.0000000;131160.0000000;131180.0000000;1960
SPFB.RTS;1;20130711;175700;131180.0000000;131200.0000000;131160.0000000;131160.0000000;717
SPFB.RTS;1;20130711;175800;131160.0000000;131200.0000000;131150.0000000;131170.0000000;861
SPFB.RTS;1;20130711;175900;131180.0000000;131180.0000000;131110.0000000;131120.0000000;831
SPFB.RTS;1;20130711;180000;131130.0000000;131130.0000000;131060.0000000;131060.0000000;1671
SPFB.RTS;1;20130711;180100;131060.0000000;131100.0000000;131040.0000000;131050.0000000;2316
SPFB.RTS;1;20130711;180200;131050.0000000;131080.0000000;131000.0000000;131080.0000000;2239
SPFB.RTS;1;20130711;180300;131080.0000000;131120.0000000;131060.0000000;131100.0000000;1546
SPFB.RTS;1;20130711;180400;131110.0000000;131110.0000000;131010.0000000;131020.0000000;1286
SPFB.RTS;1;20130711;180500;131020.0000000;131060.0000000;131010.0000000;131020.0000000;1203
SPFB.RTS;1;20130711;180600;131010.0000000;131080.0000000;131000.0000000;131070.0000000;1282
SPFB.RTS;1;20130711;180700;131080.0000000;131140.0000000;131070.0000000;131140.0000000;1595
SPFB.RTS;1;20130711;180800;131140.0000000;131170.0000000;131100.0000000;131170.0000000;2851
SPFB.RTS;1;20130711;180900;131170.0000000;131210.0000000;131130.0000000;131200.0000000;2315
SPFB.RTS;1;20130711;181000;131190.0000000;131200.0000000;131170.0000000;131190.0000000;1096
SPFB.RTS;1;20130711;181100;131190.0000000;131220.0000000;131190.0000000;131190.0000000;1235
SPFB.RTS;1;20130711;181200;131190.0000000;131200.0000000;131130.0000000;131160.0000000;1358
SPFB.RTS;1;20130711;181300;131160.0000000;131250.0000000;131160.0000000;131250.0000000;2674
SPFB.RTS;1;20130711;181400;131250.0000000;131360.0000000;131230.0000000;131360.0000000;5590
SPFB.RTS;1;20130711;181500;131350.0000000;131360.0000000;131250.0000000;131300.0000000;2326
SPFB.RTS;1;20130711;181600;131310.0000000;131460.0000000;131290.0000000;131380.0000000;7333
SPFB.RTS;1;20130711;181700;131390.0000000;131450.0000000;131370.0000000;131400.0000000;2484
SPFB.RTS;1;20130711;181800;131400.0000000;131400.0000000;131340.0000000;131360.0000000;1748
SPFB.RTS;1;20130711;181900;131350.0000000;131360.0000000;131320.0000000;131350.0000000;1184
SPFB.RTS;1;20130711;182000;131360.0000000;131400.0000000;131350.0000000;131370.0000000;1413
SPFB.RTS;1;20130711;182100;131370.0000000;131390.0000000;131350.0000000;131370.0000000;781
SPFB.RTS;1;20130711;182200;131370.0000000;131460.0000000;131360.0000000;131390.0000000;6327
SPFB.RTS;1;20130711;182300;131390.0000000;131570.0000000;131330.0000000;131540.0000000;11229
SPFB.RTS;1;20130711;182400;131520.0000000;131680.0000000;131520.0000000;131590.0000000;13016
SPFB.RTS;1;20130711;182500;131600.0000000;131640.0000000;131510.0000000;131510.0000000;3440
SPFB.RTS;1;20130711;182600;131530.0000000;131580.0000000;131500.0000000;131560.0000000;1492
SPFB.RTS;1;20130711;182700;131580.0000000;131580.0000000;131520.0000000;131530.0000000;1467
SPFB.RTS;1;20130711;182800;131530.0000000;131530.0000000;131470.0000000;131490.0000000;3432
SPFB.RTS;1;20130711;182900;131500.0000000;131580.0000000;131490.0000000;131560.0000000;1429
SPFB.RTS;1;20130711;183000;131540.0000000;131560.0000000;131510.0000000;131550.0000000;1360
SPFB.RTS;1;20130711;183100;131550.0000000;131580.0000000;131470.0000000;131480.0000000;3714
SPFB.RTS;1;20130711;183200;131480.0000000;131550.0000000;131470.0000000;131520.0000000;815
SPFB.RTS;1;20130711;183300;131540.0000000;131570.0000000;131520.0000000;131570.0000000;450
SPFB.RTS;1;20130711;183400;131560.0000000;131560.0000000;131380.0000000;131380.0000000;5204
SPFB.RTS;1;20130711;183500;131380.0000000;131400.0000000;131230.0000000;131350.0000000;6632
SPFB.RTS;1;20130711;183600;131350.0000000;131360.0000000;131270.0000000;131350.0000000;1632
SPFB.RTS;1;20130711;183700;131360.0000000;131440.0000000;131330.0000000;131430.0000000;1654
SPFB.RTS;1;20130711;183800;131430.0000000;131470.0000000;131390.0000000;131390.0000000;1687
SPFB.RTS;1;20130711;183900;131390.0000000;131500.0000000;131390.0000000;131470.0000000;2189
SPFB.RTS;1;20130711;184000;131470.0000000;131550.0000000;131450.0000000;131470.0000000;2023
SPFB.RTS;1;20130711;184100;131450.0000000;131480.0000000;131410.0000000;131470.0000000;1709
SPFB.RTS;1;20130711;184200;131470.0000000;131480.0000000;131430.0000000;131450.0000000;1030
SPFB.RTS;1;20130711;184300;131460.0000000;131590.0000000;131440.0000000;131580.0000000;2464
SPFB.RTS;1;20130711;184400;131580.0000000;131590.0000000;131450.0000000;131480.0000000;1817
SPFB.RTS;1;20130711;184500;131490.0000000;131530.0000000;131400.0000000;131450.0000000;4335
SPFB.RTS;1;20130711;190100;131580.0000000;131780.0000000;131540.0000000;131610.0000000;4513
SPFB.RTS;1;20130711;190200;131610.0000000;131680.0000000;131600.0000000;131620.0000000;1178
SPFB.RTS;1;20130711;190300;131620.0000000;131640.0000000;131520.0000000;131520.0000000;1357
SPFB.RTS;1;20130711;190400;131540.0000000;131560.0000000;131510.0000000;131560.0000000;972
SPFB.RTS;1;20130711;190500;131550.0000000;131570.0000000;131520.0000000;131540.0000000;406
SPFB.RTS;1;20130711;190600;131540.0000000;131550.0000000;131500.0000000;131520.0000000;657
SPFB.RTS;1;20130711;190700;131510.0000000;131520.0000000;131470.0000000;131500.0000000;844
SPFB.RTS;1;20130711;190800;131500.0000000;131500.0000000;131390.0000000;131410.0000000;1871
SPFB.RTS;1;20130711;190900;131410.0000000;131440.0000000;131390.0000000;131420.0000000;936
SPFB.RTS;1;20130711;191000;131420.0000000;131460.0000000;131410.0000000;131420.0000000;488
SPFB.RTS;1;20130711;191100;131420.0000000;131470.0000000;131410.0000000;131470.0000000;796
SPFB.RTS;1;20130711;191200;131470.0000000;131530.0000000;131460.0000000;131490.0000000;865
SPFB.RTS;1;20130711;191300;131500.0000000;131550.0000000;131490.0000000;131540.0000000;680
SPFB.RTS;1;20130711;191400;131540.0000000;131640.0000000;131520.0000000;131560.0000000;1976
SPFB.RTS;1;20130711;191500;131550.0000000;131620.0000000;131550.0000000;131600.0000000;742
SPFB.RTS;1;20130711;191600;131600.0000000;131620.0000000;131580.0000000;131610.0000000;427
SPFB.RTS;1;20130711;191700;131610.0000000;131640.0000000;131550.0000000;131560.0000000;1008
SPFB.RTS;1;20130711;191800;131560.0000000;131580.0000000;131550.0000000;131560.0000000;284
SPFB.RTS;1;20130711;191900;131570.0000000;131610.0000000;131550.0000000;131580.0000000;364
SPFB.RTS;1;20130711;192000;131580.0000000;131600.0000000;131570.0000000;131580.0000000;162
SPFB.RTS;1;20130711;192100;131570.0000000;131590.0000000;131540.0000000;131590.0000000;654
SPFB.RTS;1;20130711;192200;131590.0000000;131610.0000000;131550.0000000;131580.0000000;1661
SPFB.RTS;1;20130711;192300;131600.0000000;131610.0000000;131520.0000000;131570.0000000;1184
SPFB.RTS;1;20130711;192400;131570.0000000;131630.0000000;131570.0000000;131630.0000000;505
SPFB.RTS;1;20130711;192500;131610.0000000;131670.0000000;131600.0000000;131630.0000000;660
SPFB.RTS;1;20130711;192600;131640.0000000;131650.0000000;131600.0000000;131600.0000000;840
SPFB.RTS;1;20130711;192700;131600.0000000;131620.0000000;131580.0000000;131580.0000000;251
SPFB.RTS;1;20130711;192800;131590.0000000;131650.0000000;131570.0000000;131650.0000000;416
SPFB.RTS;1;20130711;192900;131630.0000000;131640.0000000;131590.0000000;131600.0000000;996
SPFB.RTS;1;20130711;193000;131600.0000000;131650.0000000;131580.0000000;131630.0000000;1155
SPFB.RTS;1;20130711;193100;131640.0000000;131740.0000000;131630.0000000;131700.0000000;2335
SPFB.RTS;1;20130711;193200;131700.0000000;131770.0000000;131650.0000000;131650.0000000;1587
SPFB.RTS;1;20130711;193300;131650.0000000;131700.0000000;131640.0000000;131680.0000000;653
SPFB.RTS;1;20130711;193400;131670.0000000;131700.0000000;131670.0000000;131690.0000000;403
SPFB.RTS;1;20130711;193500;131690.0000000;131700.0000000;131670.0000000;131680.0000000;211
SPFB.RTS;1;20130711;193600;131680.0000000;131720.0000000;131670.0000000;131690.0000000;553
SPFB.RTS;1;20130711;193700;131700.0000000;131700.0000000;131630.0000000;131630.0000000;596
SPFB.RTS;1;20130711;193800;131630.0000000;131670.0000000;131600.0000000;131610.0000000;417
SPFB.RTS;1;20130711;193900;131620.0000000;131630.0000000;131590.0000000;131610.0000000;411
SPFB.RTS;1;20130711;194000;131610.0000000;131640.0000000;131600.0000000;131610.0000000;311
SPFB.RTS;1;20130711;194100;131610.0000000;131630.0000000;131610.0000000;131630.0000000;66
SPFB.RTS;1;20130711;194200;131620.0000000;131620.0000000;131570.0000000;131580.0000000;432
SPFB.RTS;1;20130711;194300;131580.0000000;131590.0000000;131570.0000000;131570.0000000;178
SPFB.RTS;1;20130711;194400;131590.0000000;131620.0000000;131560.0000000;131620.0000000;696
SPFB.RTS;1;20130711;194500;131610.0000000;131650.0000000;131600.0000000;131630.0000000;474
SPFB.RTS;1;20130711;194600;131620.0000000;131690.0000000;131610.0000000;131670.0000000;744
SPFB.RTS;1;20130711;194700;131680.0000000;131700.0000000;131650.0000000;131680.0000000;433
SPFB.RTS;1;20130711;194800;131670.0000000;131670.0000000;131630.0000000;131670.0000000;265
SPFB.RTS;1;20130711;194900;131670.0000000;131680.0000000;131610.0000000;131620.0000000;249
SPFB.RTS;1;20130711;195000;131630.0000000;131670.0000000;131610.0000000;131660.0000000;362
SPFB.RTS;1;20130711;195100;131650.0000000;131660.0000000;131630.0000000;131640.0000000;111
SPFB.RTS;1;20130711;195200;131640.0000000;131660.0000000;131630.0000000;131640.0000000;62
SPFB.RTS;1;20130711;195300;131640.0000000;131650.0000000;131600.0000000;131620.0000000;301
SPFB.RTS;1;20130711;195400;131630.0000000;131660.0000000;131630.0000000;131630.0000000;169
SPFB.RTS;1;20130711;195500;131640.0000000;131650.0000000;131630.0000000;131650.0000000;183
SPFB.RTS;1;20130711;195600;131640.0000000;131660.0000000;131630.0000000;131650.0000000;353
SPFB.RTS;1;20130711;195700;131660.0000000;131670.0000000;131640.0000000;131670.0000000;194
SPFB.RTS;1;20130711;195800;131670.0000000;131700.0000000;131660.0000000;131680.0000000;423
SPFB.RTS;1;20130711;195900;131680.0000000;131720.0000000;131640.0000000;131710.0000000;617
SPFB.RTS;1;20130711;200000;131710.0000000;131720.0000000;131680.0000000;131710.0000000;159
SPFB.RTS;1;20130711;200100;131710.0000000;131740.0000000;131670.0000000;131690.0000000;678
SPFB.RTS;1;20130711;200200;131690.0000000;131710.0000000;131600.0000000;131600.0000000;629
SPFB.RTS;1;20130711;200300;131620.0000000;131670.0000000;131590.0000000;131620.0000000;756
SPFB.RTS;1;20130711;200400;131600.0000000;131620.0000000;131590.0000000;131600.0000000;250
SPFB.RTS;1;20130711;200500;131600.0000000;131600.0000000;131560.0000000;131580.0000000;334
SPFB.RTS;1;20130711;200600;131570.0000000;131610.0000000;131560.0000000;131590.0000000;253
SPFB.RTS;1;20130711;200700;131580.0000000;131650.0000000;131580.0000000;131640.0000000;315
SPFB.RTS;1;20130711;200800;131650.0000000;131670.0000000;131540.0000000;131540.0000000;622
SPFB.RTS;1;20130711;200900;131540.0000000;131590.0000000;131530.0000000;131570.0000000;472
SPFB.RTS;1;20130711;201000;131560.0000000;131560.0000000;131530.0000000;131550.0000000;264
SPFB.RTS;1;20130711;201100;131560.0000000;131580.0000000;131540.0000000;131570.0000000;249
SPFB.RTS;1;20130711;201200;131570.0000000;131580.0000000;131510.0000000;131520.0000000;496
SPFB.RTS;1;20130711;201300;131520.0000000;131530.0000000;131510.0000000;131510.0000000;155
SPFB.RTS;1;20130711;201400;131510.0000000;131510.0000000;131470.0000000;131490.0000000;1398
SPFB.RTS;1;20130711;201500;131500.0000000;131550.0000000;131490.0000000;131520.0000000;943
SPFB.RTS;1;20130711;201600;131520.0000000;131630.0000000;131480.0000000;131590.0000000;1466
SPFB.RTS;1;20130711;201700;131590.0000000;131610.0000000;131570.0000000;131590.0000000;263
SPFB.RTS;1;20130711;201800;131590.0000000;131620.0000000;131580.0000000;131620.0000000;583
SPFB.RTS;1;20130711;201900;131610.0000000;131620.0000000;131580.0000000;131620.0000000;448
SPFB.RTS;1;20130711;202000;131610.0000000;131630.0000000;131590.0000000;131600.0000000;94
SPFB.RTS;1;20130711;202100;131600.0000000;131620.0000000;131590.0000000;131610.0000000;167
SPFB.RTS;1;20130711;202200;131610.0000000;131630.0000000;131570.0000000;131580.0000000;195
SPFB.RTS;1;20130711;202300;131570.0000000;131580.0000000;131550.0000000;131570.0000000;259
SPFB.RTS;1;20130711;202400;131570.0000000;131580.0000000;131540.0000000;131550.0000000;232
SPFB.RTS;1;20130711;202500;131550.0000000;131570.0000000;131550.0000000;131560.0000000;48
SPFB.RTS;1;20130711;202600;131560.0000000;131570.0000000;131550.0000000;131560.0000000;120
SPFB.RTS;1;20130711;202700;131550.0000000;131570.0000000;131550.0000000;131570.0000000;28
SPFB.RTS;1;20130711;202800;131570.0000000;131570.0000000;131560.0000000;131560.0000000;48
SPFB.RTS;1;20130711;202900;131560.0000000;131570.0000000;131540.0000000;131550.0000000;132
